{
  "lang":"en",
  "name":"pipeline",
  "version":"0.0.0",
  "spacy_version":">=3.0.5,<3.1.0",
  "description":"",
  "author":"",
  "email":"",
  "url":"",
  "license":"",
  "spacy_git_version":"53a3b967a",
  "vectors":{
    "width":0,
    "vectors":0,
    "keys":0,
    "name":null
  },
  "labels":{
    "tok2vec":[

    ],
    "ner":[
      "B",
      "I"
    ]
  },
  "pipeline":[
    "tok2vec",
    "ner"
  ],
  "components":[
    "tok2vec",
    "ner"
  ],
  "disabled":[

  ],
  "performance":{
    "ents_per_type":{
      "B-per":{
        "p":0.7987341772,
        "r":0.7804576376,
        "f":0.789490147
      },
      "I-per":{
        "p":0.8658498272,
        "r":0.8422982885,
        "f":0.8539116964
      },
      "B-tim":{
        "p":0.9240473062,
        "r":0.8685770751,
        "f":0.8954539666
      },
      "I-tim":{
        "p":0.910543131,
        "r":0.6658878505,
        "f":0.7692307692
      },
      "B-org":{
        "p":0.7642144974,
        "r":0.7109551266,
        "f":0.7366233766
      },
      "I-org":{
        "p":0.7726396917,
        "r":0.8222026948,
        "f":0.7966510572
      },
      "B-geo":{
        "p":0.8171015558,
        "r":0.9138238115,
        "f":0.8627603156
      },
      "B-nat":{
        "p":0.4901960784,
        "r":0.5434782609,
        "f":0.5154639175
      },
      "B-gpe":{
        "p":0.9134366925,
        "r":0.9311820876,
        "f":0.9222240339
      },
      "I-geo":{
        "p":0.7821503865,
        "r":0.8189845475,
        "f":0.8001437815
      },
      "B-art":{
        "p":0.1262135922,
        "r":0.1604938272,
        "f":0.1413043478
      },
      "B-eve":{
        "p":0.6296296296,
        "r":0.3777777778,
        "f":0.4722222222
      },
      "I-eve":{
        "p":0.52,
        "r":0.3023255814,
        "f":0.3823529412
      },
      "I-nat":{
        "p":1.0,
        "r":0.3636363636,
        "f":0.5333333333
      },
      "I-art":{
        "p":0.0,
        "r":0.0,
        "f":0.0
      },
      "I-gpe":{
        "p":0.8709677419,
        "r":0.75,
        "f":0.8059701493
      }
    },
    "ents_f":0.8307323696,
    "ents_p":0.8290769967,
    "ents_r":0.8323943662,
    "tok2vec_loss":564.8814368336,
    "ner_loss":6106.9625324184
  }
}