{
  "lang":"en",
  "name":"pipeline",
  "version":"0.0.0",
  "spacy_version":">=3.0.5,<3.1.0",
  "description":"",
  "author":"",
  "email":"",
  "url":"",
  "license":"",
  "spacy_git_version":"53a3b967a",
  "vectors":{
    "width":0,
    "vectors":0,
    "keys":0,
    "name":null
  },
  "labels":{
    "tok2vec":[

    ],
    "ner":[
      "B",
      "I"
    ]
  },
  "pipeline":[
    "tok2vec",
    "ner"
  ],
  "components":[
    "tok2vec",
    "ner"
  ],
  "disabled":[

  ],
  "performance":{
    "ents_per_type":{
      "B-per":{
        "p":0.79,
        "r":0.781694496,
        "f":0.7858253031
      },
      "I-per":{
        "p":0.8494591346,
        "r":0.863997555,
        "f":0.8566666667
      },
      "B-tim":{
        "p":0.9190078461,
        "r":0.896986166,
        "f":0.9078634829
      },
      "I-tim":{
        "p":0.8374259102,
        "r":0.7702492212,
        "f":0.8024340771
      },
      "B-org":{
        "p":0.7712680578,
        "r":0.7227375282,
        "f":0.7462145723
      },
      "I-org":{
        "p":0.8135489777,
        "r":0.7809021675,
        "f":0.7968913466
      },
      "B-geo":{
        "p":0.8260977425,
        "r":0.9124537608,
        "f":0.8671310462
      },
      "B-gpe":{
        "p":0.8943792464,
        "r":0.9535726045,
        "f":0.9230278884
      },
      "I-geo":{
        "p":0.7756366139,
        "r":0.8292862399,
        "f":0.8015647226
      },
      "B-nat":{
        "p":0.5102040816,
        "r":0.5434782609,
        "f":0.5263157895
      },
      "B-art":{
        "p":0.2222222222,
        "r":0.0740740741,
        "f":0.1111111111
      },
      "I-nat":{
        "p":0.8333333333,
        "r":0.4545454545,
        "f":0.5882352941
      },
      "B-eve":{
        "p":0.5909090909,
        "r":0.2888888889,
        "f":0.3880597015
      },
      "I-eve":{
        "p":0.5217391304,
        "r":0.2790697674,
        "f":0.3636363636
      },
      "I-art":{
        "p":0.0625,
        "r":0.0238095238,
        "f":0.0344827586
      },
      "I-gpe":{
        "p":0.8846153846,
        "r":0.6388888889,
        "f":0.7419354839
      }
    },
    "ents_f":0.8368318029,
    "ents_p":0.8321043137,
    "ents_r":0.8416133163,
    "tok2vec_loss":473.5628787942,
    "ner_loss":6952.173966801
  }
}