{"score": 0.8307323696190401, "_runtime": 5766, "_timestamp": 1617729381, "_step": 110, "loss_tok2vec": 564.8814368336094, "loss_ner": 6106.962532418363, "token_acc": 1.0, "token_p": 1.0, "token_r": 1.0, "token_f": 1.0, "ents_p": 0.8290769966523195, "ents_r": 0.8323943661971831, "ents_f": 0.8307323696190401, "ents_per_type": {"B-per": {"p": 0.7987341772151899, "r": 0.7804576376004947, "f": 0.7894901470128245}, "I-per": {"p": 0.8658498272070374, "r": 0.8422982885085575, "f": 0.8539116963594113}, "B-tim": {"p": 0.9240473061760841, "r": 0.8685770750988142, "f": 0.895453966636954}, "I-tim": {"p": 0.9105431309904153, "r": 0.6658878504672897, "f": 0.7692307692307693}, "B-org": {"p": 0.7642144974400431, "r": 0.7109551265981449, "f": 0.7366233766233766}, "I-org": {"p": 0.7726396917148363, "r": 0.8222026947861746, "f": 0.7966510571874558}, "B-geo": {"p": 0.8171015558005635, "r": 0.9138238114810248, "f": 0.8627603156124694}, "B-nat": {"p": 0.49019607843137253, "r": 0.5434782608695652, "f": 0.5154639175257731}, "B-gpe": {"p": 0.91343669250646, "r": 0.931182087586434, "f": 0.9222240339148867}, "I-geo": {"p": 0.7821503865073788, "r": 0.8189845474613686, "f": 0.8001437814521928}, "B-art": {"p": 0.1262135922330097, "r": 0.16049382716049382, "f": 0.14130434782608697}, "B-eve": {"p": 0.6296296296296297, "r": 0.37777777777777777, "f": 0.47222222222222215}, "I-eve": {"p": 0.52, "r": 0.3023255813953488, "f": 0.38235294117647056}, "I-nat": {"p": 1.0, "r": 0.36363636363636365, "f": 0.5333333333333333}, "I-art": {"p": 0.0, "r": 0.0, "f": 0.0}, "I-gpe": {"p": 0.8709677419354839, "r": 0.75, "f": 0.8059701492537312}}, "speed": 4989.464008157819}